firstaname;lastname;login;password
Travis;Ora;Hamilton;4077
Caesar;Rebecca;Kasper;5278
Dominic;Sandra;Daquan;3856
Kamal;Chava;Chancellor;5995
Kieran;Alfreda;Cain;9812
Declan;Amanda;Peter;3446
Rooney;Audra;Thaddeus;8906
Reed;Patricia;Tarik;4405
Jamal;Kaye;Garrison;5735
Tyrone;Shoshana;Mason;5712
Tobias;Mira;Jason;6333
Hayden;Keelie;Alvin;5027
Dante;Kyra;Brent;9645
Victor;Karen;Lucius;8207
Alvin;Vera;Fritz;2075
Sawyer;Calista;Dane;5042
Jordan;Megan;Macon;7977
Daniel;Tatum;Wyatt;7644
Keaton;Zephr;Joshua;4253
Harrison;Hedwig;Adam;2618
Christian;Kelly;Henry;4763
Duncan;Whitney;Keaton;3277
Roth;Kathleen;Cyrus;8500
Hamilton;Ima;Chandler;1875
Dorian;Mercedes;Reese;5331
Burke;Judith;Addison;5816
Cadman;Emerald;Alan;7203
Lance;Raven;Beck;2641
Chaim;Velma;Murphy;5262
Donovan;Mechelle;Malcolm;7919
Dean;Genevieve;Phelan;9103
Guy;Nerea;Lucian;1316
Conan;Cora;Wayne;2900
Nissim;Echo;Burton;8355
Curran;Adena;Leo;6487
Craig;Darryl;Emmanuel;8489
Abraham;Ruth;Sawyer;4200
Gary;Jasmine;Robert;2653
Jeremy;Catherine;Austin;8228
Howard;Angela;Emmanuel;5395
Lewis;Virginia;Oscar;4485
Maxwell;Amy;Brett;7068
Colin;Julie;Camden;2245
Arsenio;Beatrice;Cyrus;8383
Oscar;Casey;Rashad;2389
Jared;Nicole;Herrod;4944
Boris;Patricia;Caesar;8902
Owen;Sopoline;Hamilton;2113
Axel;Miriam;Kermit;6250
Beck;Raven;Steven;5504
Baker;Charity;Castor;3264
Gannon;Quemby;Brian;5127
Elton;Madeline;Kadeem;4958
Macon;Diana;Eric;4184
Kennan;Keiko;Nissim;9459
Quentin;Kaye;Jonah;1652
Ronan;Glenna;Gage;3890
Judah;Orli;Addison;2277
Wang;Gay;Lee;6115
George;Carolyn;Eric;7219
Xenos;Sonia;Francis;2715
Baxter;Emma;Brendan;6660
Burke;Emily;Tobias;3400
Gavin;Violet;Castor;7759
Chaney;Petra;Quamar;5924
Raphael;Cheryl;Felix;8305
Dylan;Nina;Logan;6430
Noble;Mikayla;Duncan;2268
Edan;Kim;Hammett;5289
Melvin;Helen;Adam;2016
Silas;Quin;Nolan;2350
Burke;Lara;Norman;3804
Elliott;Vera;Nicholas;6092
Shad;Sheila;Samson;8398
Elmo;Hilary;Byron;3148
Drew;Kameko;Coby;9682
Uriah;Rachel;Alan;3379
Omar;Azalia;Randall;8702
Zachery;Leslie;Warren;8736
Hamish;Darryl;Jack;8325
Kasper;Daria;Otto;3379
Rigel;Yen;Wylie;8941
Jackson;Kirsten;Octavius;7994
Bevis;Mary;Oleg;7703
Knox;Cleo;Barclay;2282
Buckminster;Roary;Prescott;6967
Cole;Courtney;Coby;8715
Burke;Wilma;Hop;6784
Scott;Tallulah;Marshall;6093
Hakeem;Zorita;Trevor;5613
Talon;Ifeoma;Macaulay;2270
Curran;Rebekah;Geoffrey;5898
Xenos;Macy;Finn;3752
Eric;Jade;Armando;9721
Chase;Alana;Kenneth;8540
Devin;Emma;Xenos;2773
Victor;Sierra;Chase;1573
Emerson;Jacqueline;Lawrence;5201
Kyle;Lael;Drake;5049
Reed;Melissa;Elliott;4498